{
    "mape": 115.0927962778475,
    "mae": 158.06070715924525,
    "rmse": 235.9473401049025,
    "training_samples": 574,
    "holdout_mape": 9.062736873976986,
    "holdout_mae": 29.265425865793034,
    "holdout_rmse": 34.977938993809246,
    "holdout_weeks": 16
}